{
  "project_info": {
    "project_number": "931587782223",
    "project_id": "favoritelist-master-dc471",
    "storage_bucket": "favoritelist-master-dc471.appspot.com"
  },
  "client": [
    {
      "client_info": {
        "mobilesdk_app_id": "1:931587782223:android:606c6525a209cb77985c3a",
        "android_client_info": {
          "package_name": "com.company.FavoriteList"
        }
      },
      "oauth_client": [
        {
          "client_id": "931587782223-retacvob2ig1pg8rfk48im2vperjid08.apps.googleusercontent.com",
          "client_type": 3
        }
      ],
      "api_key": [
        {
          "current_key": "AIzaSyCvn-XEE-TTmELhnjf9ge-QBOIUWpO4SmY"
        }
      ],
      "services": {
        "appinvite_service": {
          "other_platform_oauth_client": [
            {
              "client_id": "931587782223-retacvob2ig1pg8rfk48im2vperjid08.apps.googleusercontent.com",
              "client_type": 3
            }
          ]
        }
      }
    },
    {
      "client_info": {
        "mobilesdk_app_id": "1:931587782223:android:ee1c674d03e9d5c6985c3a",
        "android_client_info": {
          "package_name": "ru.embersoft.favoritelist"
        }
      },
      "oauth_client": [
        {
          "client_id": "931587782223-retacvob2ig1pg8rfk48im2vperjid08.apps.googleusercontent.com",
          "client_type": 3
        }
      ],
      "api_key": [
        {
          "current_key": "AIzaSyCvn-XEE-TTmELhnjf9ge-QBOIUWpO4SmY"
        }
      ],
      "services": {
        "appinvite_service": {
          "other_platform_oauth_client": [
            {
              "client_id": "931587782223-retacvob2ig1pg8rfk48im2vperjid08.apps.googleusercontent.com",
              "client_type": 3
            }
          ]
        }
      }
    }
  ],
  "configuration_version": "1"
}